<?xml version="1.0" encoding="UTF-8"?>
<!DOCTYPE hibernate-configuration PUBLIC
        "-//Hibernate/Hibernate Configuration DTD 3.0//EN"
        "http://www.hibernate.org/dtd/hibernate-configuration-3.0.dtd">
<hibernate-configuration>
    <session-factory>
        <!-- Database connection settings -->
        <property name="connection.driver_class">org.h2.Driver</property>
        <property name="connection.url">jdbc:h2:mem:testdb</property>
        <property name="connection.username">sa</property>
        <property name="connection.password"/>
        <property name="show_sql">true</property>
        <!--<property name="hbmdl.auto">update</property>-->
        <property name="dialect">org.hibernate.dialect.H2Dialect</property>

        <mapping class="com.hibernate.movieinfo.models.MovieInfo" />

    </session-factory>
</hibernate-configuration>